{"cameraMode":{"drawMode":0,"name":"Shaded","section":"Shading Mode"},"sceneLighting":true,"audioPlay":false,"sceneViewState":{"m_AlwaysRefresh":false,"showFog":true,"showSkybox":true,"showFlares":true,"showImageEffects":true,"showParticleSystems":true,"showVisualEffectGraphs":true,"m_FxEnabled":true},"in2DMode":false,"pivot":{"x":-14.973526954650879,"y":-20.838546752929689,"z":34.66278076171875},"rotation":{"x":0.2614981532096863,"y":-0.015929952263832094,"z":0.0043160635977983479,"w":0.9650684595108032},"size":41.88264846801758,"orthographic":false}