{"cameraMode":{"drawMode":0,"name":"Shaded","section":"Shading Mode"},"sceneLighting":false,"audioPlay":false,"sceneViewState":{"m_AlwaysRefresh":false,"showFog":true,"showSkybox":false,"showFlares":true,"showImageEffects":true,"showParticleSystems":true,"showVisualEffectGraphs":true,"m_FxEnabled":true},"in2DMode":false,"pivot":{"x":-0.35139942169189455,"y":3.214747905731201,"z":-2.3515141010284426},"rotation":{"x":-0.29417797923088076,"y":-0.1598777025938034,"z":0.049983344972133639,"w":-0.9409577250480652},"size":1.8721122741699219,"orthographic":false}